y_true,y_pred
1381.4125139185962,1279.6981527505798
208.17108716182375,51.48286373236336
1321.7547613213278,1491.4595960980016
891.2140954983728,964.3067386663814
475.2622333994949,442.68064117870506
489.9031774161698,443.23579429165613
865.2514500690249,979.794346666957
720.0460490008725,849.4539481094083
535.252026346234,542.3144678243539
545.6794665153888,627.3812716253526
665.8629126846257,643.1372356632501
1471.0791725615177,1415.961373540428
329.5575487684404,368.3431996643492
609.7827235058487,1017.7958881220426
567.6727992726256,747.4792774579109
1216.9737577279016,1198.805830719473
482.7535120570131,535.630942523198
1416.0772837150894,1408.8206927759716
2144.562500086864,1946.7912946819988
967.66394681214,946.3421407708778
303.32826410714847,265.70080047246734
688.7737051362027,738.3295507428187
1144.9226801786367,1157.4224059940198
369.7877861871552,318.6159813372146
1333.5772179521414,1303.5476319653053
945.5575277822824,952.771427751322
1373.821070287961,1295.2616611330345
221.8414465704429,86.46809474293671
1164.07601232321,1154.322832606591
534.9968410212024,700.7798398127885
1097.0083243950426,1088.5434333676164
656.840248015475,603.2948802209092
390.1862173710159,395.44060237358065
348.742621039028,246.47058523252568
932.6134888657814,936.9121735553808
1164.625020406534,1151.2510045752888
834.6634240801213,821.0325973730214
1974.5477619825135,1764.1189414820549
634.144068957574,690.7971915212185
234.0033031745035,18.26657890577987
1474.1242772942453,1420.5995383370605
311.42984848341735,155.1990691707661
1114.2471451875167,1053.5538201743345
346.51670401384064,432.60804399442344
1413.5287207029355,1354.7557000352704
543.8311559185069,521.305522734741
607.7060739374509,562.3404133987993
711.6890115535724,803.581910987586
301.97489930619065,404.38767403129
745.0154222425665,845.616777442531
1073.2508303849531,1167.04153534471
686.2685858630422,800.6566210354321
116.10767209641986,0.0
2002.9470959871571,2023.8804437108563
971.931808742126,1020.561732694985
721.1810073103468,711.580519869986
681.9805742411874,843.4858717892737
1299.535212878887,1264.5564136381997
226.85463275929683,429.41126083211725
709.2899146015086,779.3678617676629
477.0480193837277,526.6287200864248
1150.8722791713517,1142.181722888409
557.3009142949827,515.8076601932337
381.6594736313222,398.9538212018362
489.8576851387276,440.5818027945851
1211.8117392589277,1220.5502606693422
693.5728472674025,659.3953778595403
1392.3296363120585,1341.0628422362295
720.2850403451907,751.2289665096721
393.05367375446616,497.9639585657318
1138.680751008745,1313.1611130581568
867.9246115018202,921.9433969146917
1836.5459394976017,1629.2051854370088
759.1712835977178,743.6516296948218
420.2253178097726,547.9718231128305
335.3970847193084,299.6386570413232
451.81630965451984,413.83627655219544
848.5932933889986,805.8263168360675
1324.4454092750138,1563.8915507445677
706.3574537841112,851.7395426791178
427.7039823982937,602.8142186853044
302.3975504246946,295.636091427825
627.9617358321777,691.1226855919275
430.694478437342,332.92649037483073
436.1553973975909,387.69019517830463
200.4887488234986,79.27332760629861
1131.6066371196723,1078.9024758879434
1467.8778294449253,1361.1647006963738
1771.4862977883258,1628.663672114449
1966.3173283918936,1758.9983573472553
651.6168223504245,746.3643645965851
992.477775422393,1024.4642792238972
827.6125024925162,823.3906894306168
634.8506049078289,769.7122923739555
1085.6329702956464,1082.7965447071379
85.76198716888574,0.0
1577.4541697091477,1471.5946214020626
582.5934178024438,557.9898689963954
972.6161440426628,1285.0643654223352
89.69618810095469,0.0
328.07434559826544,286.1195100999358
1253.4339097770785,1257.7861213568904
856.8885002402461,842.1377475440715
995.8245120260336,1049.7203158466555
391.4540416984044,300.6921014105847
1237.8935190974444,1268.6655297542902
551.5136617095816,576.4005720266463
1254.6315299495277,1267.5809069840275
977.3741340349574,1018.6943006279387
374.3769366088838,467.7961829001304
689.5674192917671,815.0597927497179
1707.8225462459754,1553.3216426559145
299.9441896095367,407.3665573535959
493.30106362465193,702.2640208424887
1375.499811136173,1349.5182738118785
364.8228849337671,348.1341395214538
735.5856964482581,778.1810883068276
466.5061472153317,366.0925277503333
731.7537712623753,778.7520100091235
1412.6576212245418,1330.4106948804906
1696.8413032837573,1521.7306117791734
413.86230752488336,305.19604670253455
331.7180974050636,347.1311890050012
338.0926412607998,286.87605525386886
1217.9858706647842,1235.077338085106
478.4595235675075,546.1441972396011
1134.4522861941991,1074.4564004744325
1177.422710434376,1110.6360522416655
1132.855335511051,1117.790462192919
829.7616095994757,1082.1399433976462
1492.0793191769703,1421.3132583197314
367.6442623941248,272.2034963288392
420.9346839334376,616.1612389174264
1339.1744911480323,1313.8925415598987
803.5188893180823,792.1808605149937
370.5703733086253,443.7331055150347
1974.5877133823776,2337.7251177238536
693.6812468179291,823.9799126306619
499.6292090177582,646.0203791017638
896.4825681823211,900.6857277719682
172.10045090064676,0.0
397.4162894160752,569.8594616351585
502.0140399254075,488.2593522015619
1017.1000638069684,1082.1613292690406
150.2824143916313,0.0
230.5034462544449,44.80720359930972
386.0505849210169,502.9920698591821
432.9374422893303,607.798715603678
760.8126167787134,877.5853870846984
486.5101627285528,546.6548112557324
212.2079519043465,131.49702882777066
1767.693882237863,1653.2343205050176
684.153969756999,648.2677667669722
1258.6013442651072,1260.9345652524516
1483.2099923148903,1414.5377600735028
336.9710650183442,380.76154796563503
1305.2052392487053,1228.5503443850746
1064.0318678596182,1086.2400567025106
644.1599274481264,624.4785923754837
1281.3799019961473,1273.034191660303
854.8969936286819,960.6450824480243
2079.4147215623807,1836.6578856087137
1539.3858371085696,1539.5187861846312
533.5466246923354,614.781149289539
630.734910695432,680.0750102378314
501.8695217820842,788.5838399901551
1003.73874215958,987.2526329964378
798.9586280499259,766.8007765560153
1189.1676628476164,1674.8233374193896
512.5201397341216,700.5024715433877
1638.9136580599552,1647.9318404307276
261.67121329566385,98.1427635004389
1438.6911448594433,1628.2123233497791
505.7779428962292,592.2489495011155
397.54645240115417,580.3306507551158
456.8433439657503,455.22232475197023
628.9907313826136,576.0792445703447
434.24211904869946,465.76138927975234
866.1726770935471,921.6004596191109
2031.3765966998285,1886.8436772279397
1221.7657665321776,1185.9823600227148
213.8730652609385,4.000361881022733
394.6240617287484,348.8052469225337
482.210942116531,621.3982246578736
685.15559177418,656.9342584048891
669.8560943452231,803.9872425849912
987.7652058593728,967.8220345699851
1188.9310585450216,1167.0313103804906
563.6571047283918,485.6969429603764
340.63000036377207,184.7513018215845
326.7497541009621,432.37839959399076
282.8779263632255,223.74424242456806
1031.3804498338018,1065.210886932177
1600.5969120819614,1589.922953589686
1753.3729418333114,2136.778484122602
885.3688971974154,846.4440522308041
581.8603426193863,545.8358445926762
674.192457315886,1163.1475834621458
547.9087951154413,491.8880830958542
1387.2739543646835,1328.0311010544913
1219.026959514129,1203.3467890604463
1361.602896159288,1295.3072019446865
686.3910398054899,656.1721493237261
819.6494994870943,797.2132840776562
984.8543106098988,969.5455299035441
433.943033291249,339.7905201130843
352.71582749099383,232.25490794316835
517.6497516621487,526.2130120387428
677.3400350904151,755.3116871453622
1240.7648425277778,1174.6731050551844
432.5000282039568,389.75115084793015
522.1352075787779,541.1338688019134
1132.658673665778,1093.4807106225612
657.5796898634783,756.7332536345333
603.9220128944742,753.1070792227439
262.30888490015,192.8537355286001
1135.2763763562166,1080.7870697823723
508.9482788668325,534.4800808802671
258.33780720776497,174.50267592531867
2181.5941374766226,1980.707096076083
446.65961341175097,499.7428413281489
442.39961041246687,623.958208926421
498.0422986955383,476.11488215942114
879.2360633859953,871.4671812632349
203.23768192764945,0.0
604.9703225975124,621.5080490137733
350.905474377786,315.20352961416893
1079.2757209569677,1074.1833644538813
993.169885515702,1046.9857504927127
1152.6282112659346,1336.8646519330382
1456.9127879543946,1661.3481010922571
313.6132727502236,180.67896680182935
414.5735942955458,410.1316716736861
1212.9299981671,1140.9557721053668
1254.1856115492524,1225.220992720588
809.0341484930879,829.9725994721967
419.563837347075,312.9595785852964
1024.4880945649147,999.1433754390895
2392.232825334285,2173.50884453945
976.0936869642784,962.6994550790193
479.1144020592107,453.27526710490554
316.9656314265307,408.3818481865838
173.17366091665036,0.0
342.0080766284856,527.0126556534545
328.6523056929253,348.115919061565
1402.900871489734,1375.0537992436145
557.4960881404552,511.7455735934338
459.0632033389995,448.85228654245896
614.1801489069862,680.64356210032
1664.5940657259714,1537.167739725956
781.0387264550037,806.1918917765997
944.033192548069,916.4524125251417
787.8606609250926,893.1457645218926
453.5433036686498,451.33285774328937
308.6444172808121,158.15818051114917
1673.165929654456,1539.5890463953683
642.6235192755545,621.4898560367276
710.2821606690269,691.9754012861199
213.5084912911976,70.27862108875138
1246.1554989893998,1252.5787446348038
1424.9426205434877,1341.9480240373896
765.0920876677719,927.3506289789439
437.8471625439579,553.6055156673002
414.492459608995,313.6988430011123
366.9057360150323,249.30163446874136
1812.2871395168108,1646.4687007228376
991.7494219621856,1016.242527346172
401.5547980252288,354.48845329360887
381.32505271855007,486.3280703201559
544.5546817038388,516.0506929055157
1271.2653004606464,1198.3884189287419
1970.1957234763477,1732.120367007156
256.8136138484878,212.1758271038022
1108.8751000433865,1186.79504649588
1226.2343905226378,1207.8032487040766
377.8242973485788,254.29130564707364
536.9983972974187,518.0051261050593
636.8885829532122,759.2679519079179
581.2616512970832,606.2960029511903
959.497173290636,958.8965693870674
812.7222805249405,918.1311436889523
884.1626999454932,954.6775364365119
823.757638138007,921.6098554218551
902.9028703059232,921.1522609463839
918.2330858705916,995.96100516953
232.2686964298492,162.48373009034862
340.3853819851803,226.58378223112382
1223.1221697608066,1214.1131928110647
495.4244806847617,497.19004482078645
242.8097078856103,115.80497875918229
1625.7109405049744,1553.3004377318418
532.6677933959633,489.8955178507613
1044.2141246054814,1035.403506065187
562.9657258405675,599.6417466736825
883.7757747626954,864.3187310180588
812.4593354537622,875.752778796484
1259.7135088478042,1197.8629624494758
655.7020070897862,808.2423739347846
345.4451401361289,219.65725148806294
551.7441255778609,874.0545671742117
1184.5824606825418,1169.59066876464
355.47036310477904,383.79334027139413
520.0952751623247,459.87113370555596
2200.1813333003474,1940.2336310573905
1311.425435840481,1482.7141454548366
856.0607505197082,1103.8507698923697
447.1533629975552,465.13537787131906
285.8432243189257,107.10532486544996
666.2790817363006,806.0814867710734
700.8912345428588,659.6662369677763
891.3229776510021,919.7648812235025
1469.5552253813782,1410.1846033322647
1378.4183964329009,1367.4325183377348
1745.2842051250443,1583.7059706162615
386.5989498281523,286.89943407836984
822.9163040031845,820.3062400860293
325.08102894016514,330.2162099706971
524.8485224508318,826.6850334459078
1424.8397409260583,1366.174372793875
875.5781229397065,1113.8918304828212
329.9684955930105,204.00440021720115
1208.200206264749,1238.364099306391
1393.548743960791,1332.1459264802052
1331.0814076159618,1224.5726573057
990.5608126435666,1020.0399801945326
665.2928609711882,662.1039624774884
343.881713759598,469.3401278238581
765.0874055949581,858.3644585432803
1400.7704627803307,1361.0496784992793
847.1018682337029,843.8561326796079
2434.5148141270465,2106.209926884483
314.4977507153995,191.65175046511644
1550.9053910249097,1451.1048877554188
2053.189630428076,1827.5436796006352
761.7715271802211,731.3801657751552
655.7196953295773,1120.155601097437
576.5640679108132,544.2649900688901
662.1193078219732,628.3956442661296
655.4188907965876,612.0808446794879
538.2859923221156,561.1362121311428
822.7204481760269,825.5471298866978
512.8415885376537,607.538027140258
401.8984162390272,356.92923193974696
561.4716307809769,904.0440037532127
870.1152892871212,860.5205085169335
453.8600486687157,620.7479107601893
334.29040488567045,193.0525565555205
958.6725164485994,929.2675702840994
577.6148333244946,515.0633973475077
125.24262037200688,0.0
757.5615907331039,871.7722560200981
1467.85494909843,1362.0336789853227
963.9628667709464,928.0310765387751
769.1954282033405,880.6319784577596
1537.802091752157,1460.2373944336662
2266.1992364642438,2089.74349205522
701.330397322024,693.0782505703211
732.6408704240392,743.9155273570445
248.38264827945363,114.75646303059166
1373.1154174880214,1336.4123290385594
460.1519669455852,463.9944366403615
697.0737046847743,825.6361322026044
733.1329778130261,723.5595549917717
791.1287432393474,802.7177428927196
2321.960829020988,2078.7691865718148
150.50607019421477,0.0
615.6881042754083,670.8292310721115
1062.079401633568,1093.7345177919885
932.3616693883728,979.8656358975131
856.1463739432556,865.7277452493447
368.81744072755725,227.2898921088589
928.764283655306,953.1319126792284
305.2875132557532,315.23972916081084
359.14586710813376,341.11964478652953
1198.0623651943777,1145.2132267366935
685.8065767370733,822.7363800934397
1018.8027479207694,1008.0200478288455
973.6350173807036,1029.6508669846344
255.11739033108128,172.45432706685497
434.4682500942857,638.7062036058926
859.4638710110139,913.5322456555285
589.7667369037576,567.64479320451
1320.8673636878698,1264.8022783344416
1189.7051227334252,1160.6099706324724
1051.3309894385325,1100.0533754900819
748.6172201702582,757.1313887911288
617.1206318159451,672.3382642794471
447.1360180363452,661.7826424607806
828.1544819450177,840.8041850041517
923.6959349925386,964.0737772500426
1642.6015076810152,1536.3227214192655
508.4439290368061,499.2179822494662
875.3019906252764,893.747292471403
657.2877097370331,614.5050110357361
291.9167841670628,137.8432764548629
464.8374605935184,427.55830916054134
762.4321766041795,738.8265766545262
847.4135235729002,835.1202795262639
257.66842911069693,168.0503380393312
374.9550782741204,441.23822216172084
573.1732749575078,491.81305424509617
1721.7610640598468,1604.7215838742216
524.4520748513079,812.2219105074132
522.4851438457526,529.893669916954
1178.8288236328276,1140.5663695590438
747.7147997190988,838.9728665932352
447.0199569907605,330.3181927779138
2037.808760484279,1858.4871768728972
759.1709751323735,717.3917439937169
291.3522862631837,126.70380948370972
912.5121734096128,984.6437414886412
424.7174518091839,318.61445011760054
696.2141205310506,837.8061941055455
1542.6765117246805,1451.5980454651665
507.0526095466721,768.491751454357
1283.400701991861,1182.4741950539208
961.6430297617788,991.7846700142318
501.5210435255112,463.8780813721579
273.0376377637236,83.78659728182826
881.747298567145,850.9719977859116
849.2452173222634,878.5155518463163
929.4248686502876,996.8738990305422
295.7956896653744,276.2031232994553
901.4953403209888,852.5887836305343
252.49186228595983,197.93432257686018
116.66836048419948,0.0
694.1543224002256,735.4673933611119
573.3583427749229,717.0293909647816
1044.059825119031,1045.9582242760407
493.4193062821183,499.2551335787942
853.8989577252505,880.3955679161686
2508.33821005818,2150.2428650836637
833.4553672894281,1076.9065611434326
603.0781611813593,639.4102719671192
1648.5901169468812,1555.6408307950014
236.7472140312202,185.76340006686664
790.5268968530052,753.3478419802906
761.2706803840737,851.884764164351
963.0390378900404,924.6167643096725
679.2928976399978,743.4828725708237
893.1778363359683,921.7598101334605
331.4319630880625,515.813786819485
1497.929137305262,1457.0886665717676
253.79278143541563,178.83967329938557
121.47016668797949,220.80033562766667
482.29068536717057,360.1348123454359
517.3601446149084,496.02151731449436
675.1801925341048,806.3556240877108
289.68505664422327,247.4749497982229
2123.160589784351,1993.9539226246598
458.7088321615828,629.0332109010858
434.34317311467214,457.1886377094941
121.42625554706656,0.0
869.6990850266317,840.8447827838177
385.2994152263085,617.9496112695065
700.0038722903532,784.4948249345119
791.0847150798911,771.0165635003694
699.179898514186,663.4705351636849
629.3805327502316,747.463180789327
835.6074177304743,918.735928956757
1440.4650867937044,1416.5474476252696
510.35606892226616,782.1859554445836
693.3021834203315,655.6680166663077
249.20531702898623,91.92931379261111
480.1090444527952,451.8672234045585
291.7504644224449,543.4756352347183
313.46773375212297,337.31980359666125
385.17504172869855,327.178037410024
289.77108797759564,221.70306372455957
429.4656873137116,397.0328059865141
255.39112754458372,67.04597550303646
737.2213942318908,742.4331774910946
1448.0936046248537,1324.8984774637993
683.9608289032849,657.1395297753575
749.3902428240102,747.9890764870054
650.1026047644657,607.6891064932495
216.88588476774743,0.0
602.3167489076761,596.3066316056418
1029.999107424273,1186.7570298372418
544.5738595761217,519.6983155939813
353.5465843598122,466.81490094584876
452.40156840279496,409.12950347524486
1634.6340138818937,1530.4669662181273
945.5550052908906,936.3893738557671
460.8023783178211,454.27060616802316
213.30942172800783,0.0
956.410493687014,940.9136808401048
715.107397668457,689.7069763806679
1378.33349865463,1369.850553765002
459.4034056440896,453.03157892592105
181.49572373617997,15.095675148857154
787.5778720700534,907.9515105668132
1028.4292670280563,1045.6252492543179
242.8735340352235,191.0737381134555
182.10632109137453,18.594669558794976
2080.7730879047845,1848.1498730768685
1316.4941198963938,1302.079555862427
641.5420075733167,687.6117469225085
2984.7832305643733,2720.772678785971
670.3386942205972,705.3645349023025
192.45946420622545,0.0
178.47116187464525,0.0
776.1046511421241,840.4932783391663
322.3675920262775,331.61880811083506
1781.0751704192207,1609.780396131539
198.71934161353047,34.82016259869809
704.296241753157,791.5419584009038
1020.6413796919284,1016.1264068733565
274.8660704289283,220.4844351949407
585.2490788611143,542.8571127509633
668.2043318423234,758.5015869006164
586.24599303867,648.7649010659673
533.5387852886131,605.0739228911434
741.9741089693575,921.4930578918542
1254.921905238742,1236.874754833426
584.7594420319049,750.9063097922268
494.20292897332536,504.30779093230143
1210.52688708542,1222.8191710995452
1425.1945560158251,1346.0475345425807
1259.5611251597188,1233.6669111373099
879.5480456983867,886.8238598827955
638.8851468941325,673.1084869384731
154.11123610443613,0.0
434.57326830676055,383.4445002578796
387.3859425590181,585.1876163324457
756.296420228151,784.703846344051
296.3067191579631,280.87338088239943
1691.8424415116538,1542.3101069689774
702.532653712916,751.0345605817965
737.4437574645574,806.7103305421087
1178.7325617253678,1178.525787929389
160.10393154422192,0.0
833.6344215480582,1060.6667931643872
333.27034177998564,494.6795728147062
1488.2959112579988,1497.03977639604
416.68733760064094,363.67118974857107
287.69572301669245,268.70612338002763
1201.8436198990712,1163.034545255397
375.9057584662183,457.80289578698853
536.0642113003266,679.2845788653156
1405.235307164559,1357.4640916883002
724.779648455791,781.621986544237
1382.6511008688385,1347.6488058590585
384.4413020395117,284.5781375436617
735.1907337870318,831.4826246923456
1716.64876935054,1608.091930810216
941.2586212787152,890.8256267063109
893.1430138905114,873.311086440467
558.9722815602724,635.019731563365
789.1919128312065,843.968583463096
938.1160088699828,999.4332593139037
827.6161253324672,896.1710312777209
905.268553924567,930.4903630735697
1484.57199508901,1518.895268379028
302.4893597133531,446.9030806963564
1542.469589269455,1532.9723227815205
613.555679997167,755.2836349920943
1049.3744082055116,1026.5438578380094
947.5516137958406,988.958660108455
574.3484746142221,656.3279732608099
375.3981731912639,492.4309801228525
1567.7097619632011,1484.8808933724783
1270.4971837226226,1207.3967809739368
676.6455544103964,718.3874491533346
1179.8179737826586,1185.4427703506792
1454.160627724499,1339.7015878047016
977.1742819723692,937.4669606421878
612.2887354537962,598.2269591183212
476.3024883157816,441.4395943617547
783.0303643163147,816.3023605811763
847.5420559667639,924.268713388481
514.7259376463333,555.7717231519748
788.4175577777273,801.5604002362039
1203.0935787114045,1181.5112354972907
851.5943017516805,879.5638517915119
337.1728925888977,278.51708924962384
552.2595355406029,895.5430457209901
1012.9671534337024,1021.0753239556691
529.2842673655128,608.2093324412409
1243.1568979227889,1381.249794915432
438.1185611129408,437.37361524356373
95.76417556752696,0.0
1117.9311686404717,1119.1322494362003
884.6068175625056,948.2842088113381
447.69866018147377,431.65933077674146
1470.841358108249,1358.7724054903688
330.9507501102245,374.1576444800944
417.0660690439283,540.251350067046
328.5469241913861,195.2718324089254
249.8311405237941,215.69378261091438
480.7699076746615,382.8049525663533
680.7787540467631,665.1339773705611
711.501790039404,764.6810131943632
1100.228337348207,1119.4198546123305
869.2980358526723,834.1954692456452
1747.6648515259908,1755.3622331893841
229.7329856261991,119.75172667887497
335.1713912541797,199.87535487880962
1206.2357377773155,1191.8366973680015
173.39536784754662,0.0
587.3556911522156,594.7006714223085
1340.399377975215,1318.8126402350194
628.6607976188698,664.6999097559666
188.7735622665304,422.19357231152594
665.9345289394017,628.5283240628596
726.4265307617266,686.7815036454737
327.0863061607403,462.8260746254883
1347.8351949540795,1308.308212214699
883.5648580209105,1142.1148573794308
1617.2832759011362,1564.5457122468017
336.0603717139592,362.7440682950614
1604.3383579393662,1514.9824462940426
406.57935113134687,539.8179908062485
779.9929651841629,765.7172067934193
394.5069822051237,283.6443022899235
717.4242456830924,833.5223491047692
864.5237988210513,876.4172017037572
782.773075358738,877.945145697639
857.7858337563133,855.9884840347463
601.8037369589981,770.1758422201153
98.15516755327018,0.0
258.52946330765985,209.6992876993045
1321.0735038370897,1288.4172903132924
1071.2025659001786,1039.0749098889694
286.5801751973032,264.11408103930603
423.2592283033548,364.98581102795424
394.6996962477589,381.6454574034501
721.6693089068043,835.831085814106
1043.8653946553804,1126.9658232022753
1713.3980388323685,1703.3012206359822
1614.0134393986125,1512.9610435059567
592.3512644738986,696.7915679789262
1025.5615466037402,995.5859565629254
928.2120822243036,928.0790306270898
3404.5169590979503,2908.8328637963746
1044.9901466952329,1004.6103639987938
1363.4503464518764,1291.442539239795
252.9921520005677,163.21416003432606
270.8892027027615,204.40915681012024
893.8976257777409,994.3126820341189
1346.6355500096358,1325.0833407182859
1203.7558802232902,1180.8817513208703
363.084458622585,326.48285106570404
344.9777618899718,300.2982427672481
1004.640979489228,1040.4785095006737
2183.954488168711,1984.2427989949613
1853.7308444772304,1703.5398336444525
393.927630218123,583.6737417116185
214.99672668305743,0.0
953.8885681540344,1106.2585588168106
536.599067824504,677.212305569658
316.68984199683445,343.1419287668995
379.9642013587258,585.0799533285846
1078.7150559085264,1098.020698560024
701.3174975835789,690.1032622815537
724.3474225511278,708.5246037125761
439.342748713991,352.88665857836656
737.5137616322821,866.1642429204177
227.68879564579677,78.94523065551972
186.85894815107207,0.0
242.03825215565567,19.134854337164533
1003.1676707222548,1045.300274840458
785.2394927793666,762.4142166574761
570.7552789846924,587.8835850379875
1533.7626943613743,1416.8252126334496
939.8298706066709,1008.6364170174071
393.6281255313304,532.8499995988831
649.6784903006587,604.1425599752046
1850.1423859956444,1652.3255327551476
872.6742699094006,864.6771881835917
632.5788662691949,782.9561442214072
178.31091455780796,0.0
1607.5977959373042,1517.9596101570414
948.8651452165416,934.887375786328
298.3246035433078,144.51622322562028
852.2408496740434,884.2133884927423
966.591907419049,957.4409110520364
973.151642575992,1019.876946989233
602.2108890286587,569.7484031459027
297.9311161152758,245.80068017126044
1505.8902893428562,1392.811360132584
536.9693566666781,723.3350121677488
880.8149367403614,840.2000073509414
194.33578564518112,0.046338718720231514
1229.0297291729923,1731.9153205588218
579.3930334414069,626.2532921300074
1008.9820968983717,975.3842050607383
715.7407353163541,780.4132997197441
1120.6713363483095,1130.9588027127566
540.248259370626,609.6092473513643
1308.8755263117105,1211.0887822128534
758.244322176741,856.4819333255974
602.4935870778479,585.6114012668033
436.2590614673237,340.7113048724206
735.2819574386824,855.8249421353622
618.9364529032833,729.2815913885993
392.14569008017935,280.2391702289814
86.80590837880432,0.0
1547.6703791017617,1536.0506724892246
1093.2479559862363,1184.8502250334964
747.0578409038483,808.989664127225
909.005125067032,987.5538947853532
150.9282721427308,0.0
446.3874939073677,617.6111598928591
1913.2160322001344,1753.424495906469
1082.3281876646204,1491.4375534265307
507.0343715167149,420.8522955224252
587.1113767279719,611.7053302950509
975.0853645615324,960.5200136151554
854.7159590611384,930.883586158222
620.3008137183131,580.150501270829
734.088250463259,757.3572600197879
975.9572556949296,989.544452091972
259.1357920180781,287.75893327875104
1215.9170939012283,1221.0877170248782
683.1000036223883,686.0835254151632
944.146033150887,989.6692781650193
1788.4907232025732,1650.2668621415623
292.3076386878339,241.90461400444678
215.7088523221172,64.1410358210758
2645.0259048954485,2350.9555061989568
522.7977359303372,551.7061795210589
535.5842122185035,563.3855736712911
1009.186722174404,990.5673152261296
1176.1667619506363,1146.9266704764125
954.3284285484532,900.9101113745025
549.9225095855511,596.5571904628247
2096.048816597243,1852.4754199168651
582.0583223037806,555.6105570896501
412.5075007348461,377.80113109429124
140.29627095583413,368.49836375825765
582.3836349679468,532.6000735661128
402.7125153122305,566.2178632540748
678.1384735849786,751.3379475953769
651.9855930672056,802.909777571548
1933.4156848220769,1771.8818602554793
898.807717202697,995.0769409315642
458.9001089908123,419.8784607849645
571.6941194478545,530.2776336553507
1898.4560274176547,1685.5482922617377
264.0111777679514,210.09566991684505
490.0938649650005,395.307869605723
515.6499423962034,664.7221732196971
226.566323717187,1.551339949939725
432.6963763934138,518.1508796791547
235.63135492155607,17.650163825543093
107.51856927071576,0.0
599.9013341021016,705.9297143809471
1901.348399714813,1917.0886454611275
703.3529006387843,823.5472984076343
528.6643030715793,620.5159470879712
703.1419839410389,770.4806072183064
1500.816821986175,1432.9616753193409
551.213078153928,505.9007704061742
1539.6841519149668,1741.2560646896663
133.17444899592746,0.0
737.4687379951579,727.6322503890618
736.2631726940529,695.5575539137097
363.42071067744814,431.85475730386787
577.8135844359783,625.8860026881601
461.3997421333042,672.9983722838779
120.2787931673997,67.59426229049944
1153.781875193774,1149.6396943328123
983.843191912442,1309.0930302012048
540.9583931577099,875.8583093780172
1904.3352876936865,1782.9979802371554
296.1870846595002,339.45606502568523
790.0523625903113,784.0446812715644
308.682298212924,488.787815241803
1021.4121316046784,1044.3261037799382
1252.494615823642,1248.1422945125732
239.98723487210327,468.3841704957248
281.9543131524188,237.71403152926874
1554.995230616945,1766.9110351809993
2422.2622726685954,2145.7018108536686
1500.350312337045,1477.1247796951086
752.3042752444786,824.7174214768897
1041.9215718565124,1026.1315267797759
447.338252810487,397.9488949472475
593.7480731328176,630.002584564066
598.949996703828,661.4693095460124
1375.1775933479323,1351.1148571025583
212.08664895378337,67.24577673380135
713.5664232113497,845.1276707859175
545.8766404801679,566.9769562629518
671.9258999182348,643.6973544302948
709.2873920207671,663.1411178774378
1198.9274512159689,1166.0270049142282
256.553529096842,203.26996941380602
391.7134640334804,593.599422956491
521.2771976772193,466.55487892865693
1541.2252216959098,1418.7042018496036
1593.505784809549,1548.8760290794476
939.797337708232,999.3107228337897
1232.5182162745418,1195.4276507166157
537.0944287067497,716.2351814888762
967.6977177590431,899.6568802627685
511.1025377086613,558.0707879149799
1023.1646758377452,1007.4689634747194
742.8326097873208,925.8206962306244
214.6049537604183,51.058772409631935
853.5238756107268,846.9943826453341
1153.5038715801616,1074.2203497647329
602.1420951560299,748.0571485262784
655.3806655772796,731.0409536149547
737.0972103386925,818.8500136826583
1900.508891849087,1905.0151836585967
210.39164683755843,61.89018583618683
1077.4386814968952,1255.801357764026
263.16354957638737,203.23164784184104
293.2596660053028,227.9157974857367
323.5904424618108,520.1994987401304
618.1245939161537,792.6924771918801
1521.7258284435934,1456.3439982552566
720.7414591742549,689.6700717151671
373.6743354693724,247.85294603479127
1455.2791725728853,1356.7775753065396
814.4139722317611,892.2200947714276
2094.383849376792,1835.0218145568747
611.40701091867,753.6657247557932
735.7766804582277,817.4629567926225
1480.2417539112298,1410.1802800760765
681.4341276485246,642.5898142765653
387.9674312557427,453.03773858672423
409.01055357315767,396.1175047759418
2291.0429775243497,2089.123487089196
850.3352322966402,875.0651408496545
1851.178077173959,2274.9123918234923
645.7614093264024,744.7764656297261
857.9543374264761,832.6460991886854
1624.575309460498,1482.2475724863998
490.64142169247344,739.2122287108311
1057.5710402227132,1031.673580998706
775.4620232879854,861.2246794420658
242.1448600941632,213.75011385363513
1263.2562064076758,1257.4672510865912
435.764428632142,604.1318572324353
547.3340852044653,510.1964536448155
283.1309854748914,324.10281167264486
188.6397007936968,11.794712297910966
180.77886412207977,92.60473643090965
981.7189334605132,1040.7640899134565
1471.980517155535,1752.9734325527752
1194.3092779230992,1202.5241014099747
262.40803100031684,184.889104653839
338.3147475707471,453.6072595175079
818.857376618413,914.9543702996416
972.6149693160004,1028.5575204014044
405.3203344312473,302.94219131409244
571.7747458003734,606.4171978250877
1883.77461959626,1726.5522938809102
336.79653580207935,313.5441652010649
766.0015657929533,747.9396693094479
234.4257952813172,178.4083560012442
842.3915870082122,1571.6806905521225
596.8657840493928,737.1777188048378
488.6028147846944,400.84373716807426
2024.3637195376764,1795.3645395200558
570.2688332823761,540.3901432635524
254.7501306442265,76.86300201856706
1260.3368827224444,1370.550588204741
563.1745461945886,584.7027482050621
1042.07333584115,1024.8585174500606
623.5627535696567,742.1625864731121
469.531352224996,461.890805329728
935.8528681565112,1009.0909145995126
996.1968629789868,1030.542876557356
226.39504858824017,474.6686094056691
641.0940768980738,767.7046744910529
551.7933622946289,562.6050039775437
961.5478672516404,993.5466620607391
916.738657315771,992.6198161532402
422.6650032378007,480.8240108938434
427.54011300821793,641.4895796101861
314.2039970625515,320.60898879425093
526.5457084486562,703.7560524828964
87.1712964955078,0.0
1421.917791152318,1382.379064819854
698.0814316396428,694.824990026603
601.4737052894327,568.1181896950213
1322.952241392606,1583.6608449506346
1131.454662517226,1148.0967653529374
524.345253525254,801.4382730525465
1788.6151711091504,1817.8300637923737
444.7067084065234,640.3321426983978
535.9037530406379,673.6411694161912
1310.7144163745188,1272.2871426896572
685.4331494393412,693.9458399008729
984.3911136177608,1897.1075368855463
242.8011210927727,206.00191309950407
565.1261083016146,613.7899778028744
591.7126026999056,749.2575186800228
489.5818651708181,454.4876707652541
263.58213594159946,84.70786796038384
637.5605264007229,637.6313889372659
1330.8142728056384,1297.7457144773764
1181.324969293638,1154.6746113642064
451.3763832814442,463.44464082086535
1016.130072440124,1055.3298723690648
189.04369068890963,242.60845009152584
759.3530103303528,854.9775725220711
455.25845190685504,463.9171556395078
526.8291268010673,474.5871137520553
509.39474316693,524.5088071293635
432.5545391744652,406.1459694274663
2008.8969176096348,1786.0680173760436
1917.846394348499,1709.7367109899817
764.1526614537863,751.9451050075396
795.7033132396274,1444.7326906381968
248.22267159672413,290.35020082954395
436.9832508438764,539.4688031417123
425.5964338542514,346.0061811444319
1198.3358055523595,1427.1917900610065
1738.3396242145805,1573.9289687963421
499.2682689825906,585.7222257938676
849.5845202349752,830.685805550768
573.6218011346031,655.5841133595773
366.4213268051282,223.80805705983457
779.209169942572,748.9245984279028
875.9561861772006,1003.3656812529229
707.0890553685437,668.9155345426063
1372.6488888052509,1326.2988313609071
387.8990203075722,459.45174232909903
269.21749602192693,99.3849869419404
361.2376500454319,317.45940485446266
560.4023966905039,496.86557217900395
847.065253274405,1096.3561173585822
507.9275372831997,432.4439417505513
217.7221917890958,71.86036713839395
452.9645996185444,561.3545988843331
722.7598480612569,810.5231377971345
1296.2948066360154,1251.2405971733635
627.2627321801295,578.2341411260717
171.35924302577183,0.0
1329.6765514423062,1238.022899938448
553.4975974067596,461.21106190981885
463.3355782996474,369.7885909272223
799.9513912121453,1009.9874847358581
1244.977123301583,1230.085919757884
652.6017456818165,1115.3558773049713
673.220043791109,1170.1143890910291
670.6133009016419,657.0058377618808
852.0578358722898,867.7365317137655
160.92559262031745,0.0
1350.326023024512,1353.0347346120727
1124.3126488811315,1043.858810048292
707.8838470805074,768.75324345252
1112.899927404507,1096.483227104609
652.7431360714482,772.6645676696079
1107.12160646653,1064.423410248127
933.9373321140675,927.6507629730876
1258.3731010514762,1173.6390354086313
252.658214515952,101.40534700481297
388.7775552986005,499.10208198777866
420.3282344966071,587.8433526930501
1021.1403566359636,1009.1690241762478
360.02977788201804,584.181660425861
435.214862353506,338.99074127830414
1312.2181247935257,1254.5510666164307
541.5910070601617,505.24558138313205
543.2182592678903,572.8532644779054
1447.8008569138424,1318.5224083322667
739.7358000951735,729.7727634430062
305.95838244563294,249.4915576959651
712.710575361616,835.0693605809848
534.2209412836321,481.73293210364545
2027.585207351636,1821.4139490866078
572.0070852538465,916.8839321630352
1345.5453251820804,1275.9332324917157
712.3622466673925,685.5084000075324
665.6960030884312,645.5721310247524
1102.9452537984575,1073.602764121632
518.1583499895262,811.0179127712868
1297.4810710216652,1462.574750293413
466.80653482402414,631.8665882728643
1023.3461114659888,963.765673465018
562.9672109547912,612.728949528611
1387.677678576317,1290.5072569440176
646.148223648684,705.4193083382822
416.4024556792473,388.40058508760745
113.19407744421456,0.0
1267.5461299631436,1241.6042574362534
385.3181827110283,264.3613806661534
1063.9662555928244,1085.3680194196847
2363.658152084052,2081.9628176964375
734.9335021327657,727.3139612406392
1619.7734541033617,1505.0404916896675
2528.8897218854804,2255.464221807522
663.0027112846764,806.2380780090297
598.0171417595395,660.641871408728
530.5157783340671,662.8995970666037
944.6030663801037,993.071331955549
1069.9275839539473,1093.0158780793104
470.3203879030669,392.36119169222496
656.7790818932219,713.6074148137628
2001.1331713777736,2000.7436761396652
1119.3317977055544,1180.199916814663
236.46635644057736,144.98025389040953
286.11132462563444,418.0565710471405
697.8054775687799,665.9121779034139
1424.5907983356226,1350.9386070756732
1370.3824173018215,1292.6404895795495
1816.0074827532385,1644.7094550688037
2189.208127540832,2021.2042232759115
515.0157768129386,542.2741180659675
399.70398729150935,322.3092975824659
2092.36768739896,2111.7927637545226
957.8991187670804,1036.4397339822585
845.4415001577574,927.0217662340164
1386.027027003893,1371.5800262528
298.8194950737318,263.2087293756182
540.3744601318915,510.5648630955617
1093.344291478228,1099.7842209455373
1022.8931577236236,1011.895290173099
1629.8376828142832,1515.9681152351304
1822.757444260626,1723.3333867572646
1489.997413980772,1355.8419485913544
880.0218678023186,983.786453054404
1555.5909184299076,1432.2644817055939
462.2784914798706,646.2567807346912
508.6613412241852,678.374235395195
563.6470115507457,534.1301097325548
538.2297181913593,579.2476528771207
474.2764762341818,720.2765591428076
527.3823565091653,490.09296253348845
878.557591165951,853.2769471897375
378.1279483118218,579.5607991776544
320.953322943612,303.20702996743546
1785.3082154822914,1645.853728957685
419.31752471641175,489.67016493862155
1361.9171835098268,1326.7956239601165
1208.5339202003536,1155.6798361424808
357.76866376125736,386.83845136302443
870.4647210249808,918.5977707201674
675.0396940258883,649.4151562163652
803.6086277298389,876.6306747194343
617.4067970132841,559.2268716998267
693.539206095048,659.1015698709308
521.3823861852572,499.4211768930777
409.8767182431503,315.6685121592904
1060.8535229464408,1019.5721770011895
643.4597684996177,746.3509603761713
1186.8391582642853,1168.250536159435
914.1254950688171,1011.6573649833595
808.8964026056284,797.2496557487515
690.5357971798555,645.6215004298269
440.4680827436179,557.7806397281003
664.073269407255,794.8298309851998
814.0863520445167,768.1895925074773
679.8254028530638,642.0002522387085
1773.125164120954,1777.7460276747277
963.9477451776698,969.0166185789262
1127.0417238972109,1117.4089685624438
151.05578979173396,0.0
963.8346623862273,944.134334563966
817.9301284147654,939.2998244516241
701.9815015173657,754.788542193809
1620.3144881568892,1525.767015124969
671.1930742901197,746.2571428799678
745.0910529583814,719.4857091531507
1085.8203577067093,1270.7053416725873
502.6869833256645,483.2637529253524
1040.5878162917709,1403.6366561744865
1703.5017178563503,2068.7793135711036
720.5062774141874,751.2382460439638
1064.7224836001856,1045.4262020294427
1300.7853322922851,1290.1815690904937
1517.6025224748628,1457.6737152468768
958.9762134923934,1009.6214464773566
676.8189864324838,828.3775754100615
2266.493719921812,1994.8097978312755
361.7822427097906,243.74083059557307
873.860275150055,847.7405299135194
334.5413476099545,177.96124016651456
378.88714978955176,604.3387630523788
680.0439846700313,643.7388061890679
1635.6045338363774,1863.2338459201799
971.4688348929031,1292.9496759770116
772.9965812061073,755.3472090156995
430.1357140730318,387.3554536326235
420.3759684180644,300.9322748263745
711.8810772613843,851.6889234798062
908.8864320151404,1046.8352179210274
688.5789472246902,735.0806959358393
757.9568052443955,891.0045249521035
465.34719178533135,421.8680117141765
1570.8022382068718,1424.9485967753478
514.6939690298697,509.15836391253424
860.5703947967471,907.7190912777431
1005.117619470798,973.6146663589128
579.8466162135927,612.9131439213741
458.3003775558108,441.6067058827338
2050.351715753014,1836.4676681505093
935.6330872840396,1801.8785122864251
1225.8251407969924,1219.9813747966712
657.109459272757,785.4753579863503
447.1861506236313,442.1460127010641
670.382247090211,767.4157470939543
2375.5303149868496,2104.9272658889504
999.7821365648812,1019.9347941266925
1222.372812924027,1249.4440852028267
1941.736020751672,1791.2484495240355
940.1620925315505,1030.8965177199407
485.86482586636686,446.9042997007234
456.14015687910353,360.3718245358423
617.8106238422292,791.6541331935223
866.7706142441551,870.8997013544023
205.94551684926836,0.0
232.9909620027273,143.32785620410164
1306.5449180802823,1256.6168068930558
871.7854734432515,983.0522703097228
324.3204020702658,557.4703654921492
515.2376908366856,695.0905753351285
1299.6073722313151,1274.7332075336276
481.4206545558366,587.374544620704
275.3044548626254,198.28282643997437
1192.4904555267435,1232.7056765984705
495.42292520252994,632.3252936616756
986.2511175131532,941.6084436337209
795.0504521524741,877.6380487434196
622.3858136492635,579.0345972720689
1076.677221861241,1097.8413005986765
1365.3132279192066,1286.7182779632965
741.4160070801556,847.0789942008862
431.7515411793047,381.76881956641387
205.0252772728633,43.30165315528492
2373.712204558428,2076.517725175243
638.1594942325851,562.2741140081729
1545.7472121106275,1538.2126011877917
758.8686268342436,955.1613600897279
311.5457814271366,167.2240782254659
446.3766580555196,491.5239803858283
768.9222532795164,849.9610905209335
604.60248737984,694.1860517908685
440.2873436646388,401.60655792096526
631.8599928309379,750.1040942467938
1001.7252478901362,1037.840522062869
1149.725620364132,1144.4622632693274
955.2463696357552,1853.9444280352475
679.2426346815328,650.2867974784598
769.8183957732999,751.2678314365913
560.5117981036246,575.6663770792351
1146.9456326026236,1127.773005173303
635.7164925194579,599.2597348546733
482.3154766274336,732.638025136183
907.9292707987148,913.5604742861241
1096.6252053174253,1478.0894763807223
1391.5516680646665,1375.9844385790009
304.4788163239647,290.8376489571095
2028.066945994373,1834.0483306919095
419.1769248871476,418.38747396756077
872.6781445520417,970.6000030452681
833.5177240147244,956.0443274731282
181.6995440475561,0.0
734.1294434483623,678.8459597000203
787.7803102275973,979.3317030200976
619.8336542128894,616.2583342424261
1336.5021378940014,1307.0292139490139
1175.7628850071414,1161.4313977688953
792.9036615877436,1005.172168938325
1063.7418138698706,1007.9350152483386
912.6201257925544,1058.1143512106312
648.6978268973091,602.6311357118511
407.9331082506715,601.3297530247283
565.1896018146147,717.1795802476726
656.9355211062417,783.2022998951226
816.1559645923762,889.3399392570068
1243.5181144459234,1178.3155485756552
255.8091158146771,70.10674619656783
1098.596918705647,1110.6193738779402
730.138521846624,844.3026885547724
48.73259302809085,0.0
429.9293612841212,334.516525791291
599.1831223968107,646.721154292536
762.2199695293587,851.1754282151622
311.4311772716697,151.0747248877024
809.8437982570998,1475.135713524979
299.12264706356655,505.22784712163093
647.8047500268999,615.2553779028648
438.48317237263416,590.1132651298332
3255.317907093533,2972.8489842665076
396.633899513434,355.9503904122146
1265.4432742832769,1405.0877797111452
308.49763836615205,152.05996997609472
905.2091183026594,928.6912572305206
187.05472740210388,42.16406911544879
292.86835695822487,263.68002250925684
1848.957226521769,1708.902813056539
833.1331610565394,851.3080195798955
657.7056664043836,626.8212504470844
294.7437479377057,150.7746336655711
745.3576297014343,852.163072496865
1763.9975180309516,1616.4730363275914
553.9177155085838,725.8398718719573
898.0325328736251,910.43112058457
985.2414757327476,972.9548011368169
716.5391987715069,778.3540336964583
780.2469637612305,886.6241049117081
999.51912879915,1006.4732867905052
959.9344910834864,989.4803954555662
902.2898777582992,866.076542780909
1779.5963189128695,1640.7784331780701
421.1825183975587,561.1182148823603
516.8304807692774,661.5151225367783
234.51413164003685,180.45240848788413
390.682378168449,272.66595121812117
694.7375759883005,690.7022110917212
862.7000772984651,949.4273712863043
894.2443953749705,1161.9469952770262
962.540826460454,936.0285705119584
796.4596736261318,870.0882127293222
1511.2536301746825,1802.746338831796
253.96383922641203,394.3491242008177
468.8896857708496,409.16201945304203
732.8249171369459,838.7858623791866
1209.7213217722688,1193.0925938013745
670.0898294876574,784.7676149597639
236.882247709708,9.746272317037583
519.4564905752925,533.2921269683127
659.994217671902,768.5614733225186
422.44007781475904,572.8041235936654
323.0277932690938,320.82242081242913
328.548431287777,436.92204390558123
1620.7949573098788,1636.7951302996025
319.5486734376803,340.19973606957353
629.3264218796724,673.9647781688592
512.693996568079,434.4637883502973
544.9519636989747,503.0735178170047
907.118487817408,887.8204989688431
1171.312482864975,1191.1203036134261
653.7983527485151,802.4596310443675
605.1609792723955,734.1847313043326
377.2686830143082,332.82076868164296
967.888162961521,995.1232887425408
695.1720414539103,752.5352385320246
615.1876016855416,695.1759846898216
1011.4467606906358,1046.1024359898356
264.4981155617293,79.72711193998478
2798.743486150962,2369.180811120593
1827.0979525946943,1720.199939339219
293.39520270658,253.50821377870486
489.50822818118456,387.49695272767434
413.5114133263772,548.0622996257889
964.80766139077,1029.952559432509
2288.496410319014,2007.4666933049418
2355.092049581704,2120.146869892486
184.7732983976593,2.7504892661995326
362.26364664830777,404.2131203676884
1331.4016539742058,1272.2040304741372
357.06680615767414,225.2059892716839
600.0040119066396,591.3282794836454
560.9540070586356,551.3281810083212
822.7128087540484,1512.4330920551445
1336.7090274642544,1594.0817151054005
637.8606347121267,605.9674343674966
1083.5588216400222,1094.5727442822024
670.2589807654517,739.7095860733023
960.5779845056112,1011.8516789272403
1299.7027836304528,1281.3350353992455
1160.4117024118289,1260.0911956464208
1393.5798877246102,1288.39751259894
309.56476678576803,313.2605426697409
331.0145467725257,275.59807247460503
562.9260505453312,641.6201277626217
807.5714195786136,853.1314517772504
1036.846495291394,1052.7952204980422
359.8050336152983,566.4724437583404
370.8142036537735,450.2507816461179
329.77606884018894,298.8517445145731
1405.9298114759313,1318.9184703112062
533.12432831461,531.3715303065667
766.0066412458472,942.622785190624
459.6591579180119,415.1205542439162
868.1043745036895,868.7492541569235
1412.7734159661827,1318.5099737267185
495.5746953127982,467.6874841989583
712.0283606181412,853.4544028397885
202.3994847851235,59.415548852096876
371.0860438952783,454.37451856873344
533.265292845134,733.5874222421661
897.4155220701119,920.7830394093517
1902.018414249084,1729.4220400567376
1481.430224614463,1413.7476755975647
385.6709889583852,302.77202855351726
889.944034618307,966.5275619557898
603.925683126298,662.9892525873353
1895.624563538808,1693.7887747273455
471.6216573133289,669.3410184592227
518.8285687883988,498.1061109999841
833.5938839337902,934.3566207780467
817.7809779784429,786.1081166727217
404.6805426487236,468.99330410659184
508.9306867997186,583.3004152479907
170.8721889902825,0.0
229.8542473837744,67.12079309847559
359.4886852250169,214.10795866474902
1078.8669710133113,1087.8204619811895
381.05928280367897,266.15845316462895
1820.3403831814965,1716.2253542304281
868.4993657855446,984.0598983341459
737.6665226613319,848.3655741985342
354.94460519336764,327.72683958848063
236.14815140307564,39.74562075186378
466.8983213172111,480.0234653809189
2044.793507275612,1812.8969951354609
349.1599773276182,415.98945072444957
945.6775857091118,1019.6213917469667
636.480828404595,1085.7772066103719
305.15561221717223,278.81769617818304
739.0904945992303,853.6647286290664
92.65695405067784,0.0
711.2105548223119,685.4980313907498
483.0552954051365,441.4958703015595
931.0046052777464,933.6067660556492
276.5095093492868,225.41451132675965
1534.1619352279515,1455.4148307245791
499.29048597242246,462.15658658321166
1508.8557427528754,1393.5178907765937
623.6195080386881,620.6871365842742
556.5795991361429,640.4117777584976
233.19809127312016,46.81992981918207
601.4796179192133,581.9361614437523
1192.938007072234,1318.5910618568798
540.8124785455713,602.6021880811597
649.0032466784544,603.7982843326704
209.09078091323397,0.0
440.1923489634284,455.32450222766334
1197.2430915479713,1138.46772873078
583.4759326085682,730.5430753561242
448.1580838863696,391.47118931790664
364.0748337072172,538.8270770225258
570.1566497577772,515.783450967731
1029.1641916455385,1095.0944587192312
818.6308243469911,787.8263341637543
1187.606809197174,1188.4107169678043
349.18418798320806,563.0242168166607
103.97539654221173,0.0
614.145770994269,1043.4126564075045
1061.2277125763949,1100.0391956459055
1292.4269271042426,1286.415720210915
117.98960097678852,76.18108360389509
464.7616740829764,358.7905080441657
485.6014892265842,495.97499893933815
683.8117838486689,641.6388382033207
1653.4961622710784,1525.1454410952617
977.6487949855932,1002.4904457737312
650.0402041136826,755.5896423191109
653.3664370845015,715.7100587743583
449.6067204211544,437.87560648483316
851.10156426509,862.4649978210487
1402.803862040108,1356.1434142518024
763.747742880246,858.1981355145032
854.1731349388183,897.903819074969
1321.3201429148255,1262.1262451494126
1540.1337949058336,1470.5263697000287
1032.255021570822,1074.5566712895852
653.0557706200882,714.2632429176547
528.5021598153728,675.6700889004303
659.3063225856922,719.6021936002774
98.8128390500486,0.0
621.8577878702542,614.2061538665577
986.6344716774196,1024.1596382408168
739.9767849841459,720.9477290040023
480.9340626907058,571.0637622455052
699.3956821310398,825.7473217502771
527.4283342384022,700.2398255770206
1212.440070658978,1232.9672642867313
459.58036069146993,499.21546415836957
381.39080172678416,260.23030687487295
369.4396059708369,471.89558808743163
1272.6928244376777,1436.3478248145793
1368.5256089980192,1292.736221318217
580.4457182726206,952.2801590143854
775.426548083254,898.4559649982496
1157.236029718626,1244.6815378773117
1004.8765205405456,940.8993117085871
248.37599220617105,160.83896210843565
885.1499428341691,908.3595512437847
141.7092211109056,429.4224581968467
1530.6434026452528,1519.1673333765666
144.61979305642495,0.0
1317.7554421739967,1290.4949951701722
408.692313195362,547.3876861718659
3112.9249907490257,2618.587957771409
228.82075531228253,190.27724325788145
196.53830238456263,39.34223942692114
515.2046408252295,585.3015517095736
165.46196832237706,0.0
311.89575476375165,307.05908336558826
544.993764359006,532.9227217495304
941.4962993659484,912.6675832754191
357.898516586217,417.86346842836093
1446.6041669784745,1456.2209123464534
950.1118195034868,909.0998646795261
434.0936670383406,395.6096950619758
1332.371944385463,1306.132582321183
587.8850696865568,661.8125353282502
477.2141390506157,445.25749161407845
666.3231384747711,626.0335134669991
1365.2547741437115,1548.2881941393887
924.45372468806,908.9351059977762
485.4557590100283,440.8939178548667
959.0147971937864,973.4997317898153
989.3333452892624,991.8329675077492
431.4614952410856,522.0421425268994
687.1221569758766,659.4249184147482
614.786905695521,652.3776255379025
1865.824619442092,1668.4626738713441
589.0340334663518,574.9625221045608
353.9845296186053,402.94108606595114
1618.6142335148868,1558.892820202077
1624.934467728528,1560.1013862664288
372.4400079065057,510.0724548481197
1564.2015890381194,1485.8378010688955
390.15761777598885,296.375076416972
524.6601504551248,554.1797616403724
790.7060124231546,783.8911235205544
1403.097165455437,1351.1695924948624
392.89090212608704,360.20343336379455
291.0971728969541,141.76633048715345
707.1004934272388,804.4646458610746
1743.4212027942278,1594.3618469270157
202.2193659497602,111.21299059509832
1320.105592787207,1290.5677331596985
576.998834498782,607.1173367626742
564.012207338619,709.2768243392553
241.33253991950755,84.16579157395373
973.8241895202354,1023.9669869996969
441.40739345820873,627.0947870836432
1744.8168005495363,1558.0330448204554
1550.4814504079432,1451.4884227148584
350.77200894711,474.4019805999885
1465.819760792351,1393.460023821641
500.2035963051417,461.563416405502
260.5926032058444,93.21284322835182
686.1708137775977,759.7108952000764
520.935572320131,483.7350782444502
1257.35168228232,1241.204896604663
867.3232098699884,895.2182302936222
1768.0160083450032,1616.5661365561841
1147.6148346838845,1247.8512059446252
470.9470204024641,597.9230700747897
704.9518635590065,824.0723182026261
864.8845422552125,834.3165486349009
1125.046764112921,1114.4894454076157
825.0568896794842,924.2019584501669
2103.749486024848,1913.6386447490931
1112.5874819519245,1160.1187840920086
138.69310532414408,61.06228332712023
459.2964780885361,420.36252993499403
203.3769044999499,155.1329478587873
833.0105824857905,878.8917339207724
235.8011928114723,297.5553821272411
1931.885262213394,1733.5792573119977
1872.7897023911992,1758.9871508372676
1214.203127649901,1337.0925892114103
1543.2384676100876,1469.4338123429202
724.5165317912475,699.0711975298331
475.9227216988139,451.0645239774483
908.7789872189992,921.6898059281489
554.530011211308,630.1233010475369
2215.918087401241,1935.1032747717647
892.5237827453739,899.9610813466376
2061.042572277499,1847.5200736883205
845.0515983219602,817.4899053388663
847.3439890813812,828.1641527020276
1226.061390116863,1225.5661126377208
784.3949061215003,756.5359840917271
268.8477815491464,203.48301068264058
289.9732042734577,277.1846439399259
644.4787505212113,721.9345275885344
1238.9958615970193,1265.8211594556906
557.2026574042787,636.2175438780689
656.2296376761434,768.5535964144232
761.1857735664837,793.9637354175981
255.0707745354354,334.0628820958416
1722.1898382019303,1609.9380003449896
336.90485161173507,192.477347438368
758.1645418964097,719.7701786706477
1889.4965035987211,1912.695426638106
929.9548205150192,937.818211011809
2682.920834080821,2280.5700393097536
442.5870793244964,615.1029243261395
1094.498600262678,1134.9237144350882
1022.1396475091406,950.8237297881349
923.3803053591508,915.7480081241533
722.2373791664668,691.8775754595208
953.4379881936368,1036.7465716935915
959.4564904639232,923.2768049822572
1151.795696983181,1157.201571315007
591.8614005333518,589.5638431009736
541.5126208784675,853.777589332704
392.952117966575,414.0545396796125
500.0816652391805,559.6570806728507
576.7115700748983,538.7346854115585
1110.2065188010006,1077.6275659913751
758.5170615917324,857.9891897888159
648.1574330890085,696.3038085556906
1760.654277653107,1681.6228849125903
607.825123035615,703.005054768088
391.2074775147418,354.64626562010505
1070.1144548638397,1078.1567071306495
1759.4430165818708,1646.1982001012686
283.59327141764135,380.1903534851138
990.962427842648,1925.6026738072349
375.8452574610617,239.35736510261262
703.4146390329785,823.9438762278111
897.8073513708559,868.4217851002236
394.7751499345746,305.68438734013006
240.3829484113673,191.39065722091735
169.16814941958546,471.5485872352208
662.2521595480986,623.6032826306609
819.295003399603,844.1027781557194
547.7275454281923,895.0632920245089
605.9296722306592,601.0505105927217
125.02515273443989,0.0
1753.966441997197,1584.2829157966466
1190.1631434025298,1168.5725440019928
2053.3850544980623,1835.127136732155
712.2200854047942,704.2952415229623
462.13904011923086,653.3883970048895
319.6030786890604,316.11853592603916
1241.8810621430157,1375.7291958533701
264.591488990184,412.9869679187219
571.6732032491752,923.4477035486562
767.3515609526848,852.1069850894104
255.981379717163,184.8194658698722
1723.3765182262964,1553.7727754397936
285.19593768744494,242.15986122642153
467.9083589091212,458.28428521082253
1282.0215681182688,1235.9071212726578
264.93312925401364,90.2291761926953
988.8392030209958,1060.3517026198094
291.7398451353764,134.48636509840733
1173.8691855089814,1290.6645291932962
827.9709513874716,911.2313925199837
828.2263426460353,910.1219682599243
545.3836663028956,509.6731799455392
463.7287855250026,460.8134483928321
923.2305446229062,1218.9718529617562
731.7169613625108,1316.6145861012424
1089.397413562799,1090.06334883098
727.4455327575128,759.9136223937151
357.0526307804806,261.58506961586437
1162.2037651900175,1151.3891660480979
649.5390685657678,613.103501758379
712.9843448740033,693.9847500365202
542.959675618705,562.3614672245131
759.249526077854,862.4579585703466
222.1968661950256,143.03726018305736
294.87984163395333,251.90651744097306
388.0097966459416,565.8258539523148
678.3016571398573,838.4230220131853
347.15035720578925,418.09617763876025
186.29171269051275,14.395994004247779
371.5617701586351,258.6527849893779
630.3775932396952,589.9161363631159
343.3772033247257,312.9786582402505
1115.7480638978318,1115.5191403522808
1535.313845644197,1532.8517796063675
1457.0152335811897,1350.317305205872
1049.3732854839109,1005.047140266394
223.4350188786113,147.9974197569642
455.2107039205304,420.15107353577133
1071.2843386932,1258.5851446321383
171.07719657653035,87.63698643973812
337.07335972939813,396.73619978209484
455.8929819955679,419.99686207558364
442.2687155269911,491.3676892472
232.1951157664902,166.0430129338845
650.0072970739812,661.0752018699911
903.502856548742,1041.8018182373892
1005.48864563466,1001.290138087393
907.0553071983716,927.5374316969248
1728.8892289118794,1591.917646544619
338.0888175448435,381.3325309004335
164.21669915060178,0.0
450.9161327280884,410.5872752488687
346.157664431238,316.8837284811159
111.66427987201594,0.0
504.6649355829069,504.1838014158859
2574.5662161512087,2210.5943751730747
1645.7419986866475,1554.022417765081
163.81224011367644,0.0
2329.411775810202,2082.7599130456174
421.5989904187066,597.9720863752834
349.1011545429016,222.21712453106076
437.4856682198172,391.55822780071463
1128.5725394408848,1071.4767172167817
457.8979761053936,640.968666614818
534.2301124168893,727.0163288222402
429.8542142605479,394.69259000407556
1685.8572130671514,1691.6936895065253
1033.1185292477296,1179.644529777697
547.5772557271665,625.2469867749645
501.7315443749418,521.2662044405088
557.1643439652463,503.5451398212402
191.72651355926536,6.358325213841652
639.2879625026751,726.9031509499772
418.9351085296144,548.3362024017272
1736.6922632797127,1746.0108748621053
2461.706005784124,2495.8247011358862
1348.7293573976888,1301.7470791654516
1095.744763060797,1132.252256350647
267.21965109583255,168.1551757928441
591.6471736196629,577.3249799772304
546.7772190240289,540.0936437042304
208.0812045653237,49.610429560431974
222.7301007434512,2.458074951546935
2408.7556360210992,2139.8268107328054
242.7547824962522,36.09639063241559
566.5101289500642,730.5700891586207
1443.528166477093,1374.8683187132276
1288.2672991779032,1292.2484579179911
675.7892998321348,789.4902948754034
942.5341153396528,959.002078725415
666.0859338536968,676.078025428717
235.72295590009332,115.98038049839163
1321.8750564465358,1464.1960464396489
501.91902943776495,567.6536378571382
1433.4405703651796,1353.3578375216264
1188.517037433999,1171.1676847723957
1443.5451117552873,1391.1405753597137
1308.881280630517,1263.4937501284514
493.39920104459935,485.52986450738473
1013.3854072145238,1002.800658808041
1317.1332410261098,1256.9062626302473
1026.3751887690144,1080.6527141550093
424.2412370928875,370.2147618792186
539.1992336231004,678.0157049721731
692.503237397866,823.3161960725976
1797.058150387617,1640.091324131517
1214.7970533560456,1420.1485306532963
1487.1543034036042,1423.277959066731
374.7255236006919,265.05899378168766
1693.5357392312314,1966.1829783138
768.7516915841064,922.4187396558897
1344.9130604137529,1278.0014569010239
360.2135441872765,345.8383983217561
408.0483177300065,353.0771467862373
799.3456955910486,776.3426760807104
788.2006314176687,970.210544609281
385.3454826715877,485.2094589624734
1821.172592666984,1670.0725605845648
125.92464293447992,0.0
1812.899885815939,1703.2318095057904
232.13003893250115,6.843970199239846
323.0903985538116,460.70412537402507
676.1484368421793,658.3817492251675
889.2482268145825,935.1566432366631
414.7668548091333,334.39572000488744
709.4802763730906,785.1803667490847
1323.1755826447022,1327.84603878658
2868.522416776036,2659.8137694864226
1187.6659800580787,1173.9218056611583
1568.5469947411773,1428.350037479574
2439.925546531973,2109.72276805785
203.60036966490924,235.1569317076405
1023.577466588206,1077.8985423693093
1619.4399065972425,2419.811788264011
437.9608051605672,327.4557227324182
675.7342228673833,740.5489221648805
1624.3234083974216,1509.0929166185135
2598.983862989715,2358.501843501105
205.72734548580544,135.77124300338227
1009.1873184688592,997.6290135838093
684.6255042952552,762.3722275343206
226.92251940670732,122.91518462479095
963.4422766376048,1033.3585664572606
772.7252053660106,808.7739460774332
722.6033779696955,674.9825255238245
1216.7323544033927,1223.344863665803
1419.4353870820796,1422.5363144024107
958.7588641688544,1045.4272023633073
353.7836025557603,222.69512328251528
323.80732146119936,281.71926326311956
227.8896910186548,61.93477552252399
455.7592605266812,569.982458780232
505.00574227332265,601.369408226474
1407.6518544266987,1348.2582934464824
166.27186026556174,0.0
507.4318210704002,473.88232137399535
1274.7092864363244,1261.5412556997164
598.3552996175631,640.5661176095418
226.3543946438063,87.4068767841791
453.6929908241071,454.46810957071517
345.2052937705094,243.47510045347906
604.2108939930274,582.5338478884116
907.8501442239748,991.397546671361
1421.915911585661,1338.735136081344
356.18427543481823,407.9082791720133
385.2992813794389,487.8433620798035
873.946063656473,1012.7461135813977
316.2407904234521,331.1396771280111
1214.2814912406143,1423.7736726654955
1002.618322664072,1049.908026654201
778.0542197770999,897.9684489630681
1726.8922370157345,1579.3104737216981
353.5395957044249,402.1285137748875
863.2631449338094,943.4582766659397
1897.75101011157,1737.6974284740147
1282.6391161895028,1208.7814054597131
612.7786969328115,764.9771166282396
1412.6391794916956,1358.1036142160938
513.0475787322406,583.6911914633823
727.8650078834582,768.355795857049
892.7164459886377,880.1778236144971
1023.1578622767678,1170.694332766243
1468.763525002932,1389.621550807046
443.5021748988296,383.336401971458
787.9784951064473,749.4541067338293
337.3596823649031,351.8978950967681
305.4169940746252,293.6458197279232
1197.4601908642635,1211.4161409756525
862.778307717537,852.5027429667282
447.701547244706,357.13938155954037
855.0676070583668,834.2941102610844
1045.7384982177982,1111.6239821102645
563.382290169422,525.1327331259952
1166.0731966772987,1143.2365506296032
821.9300758523113,929.7295773096968
1669.4129679215175,1573.9922587518947
523.7605176639601,612.8976169941927
791.3336309101763,901.1435091713995
414.6057652794878,370.45583628262517
875.8930147386411,1144.7038868211619
834.5390534433776,934.2151709499797
1817.6475070164984,1632.7498052185485
1795.8208430503505,1641.289319302903
484.432992011076,444.564658817745
750.8294080684783,848.0105624107288
1257.5387105798914,1227.5082050596861
1228.9986585390664,1186.5810411996588
501.2739125549461,784.9317530188157
397.0770360069341,402.94528835356385
994.404902186034,1002.7834505214262
431.7524958365328,349.86834354209566
946.6712123264886,901.8164137110713
1251.5304169954334,1257.7429412383035
261.21086603046666,104.24009442747874
603.8495224762618,685.281659114882
651.6989989880032,601.6265852465278
315.0510928671951,192.12288287866554
878.9813725680935,977.5984564775569
463.8314855580038,453.83879183562635
646.5833741740722,719.6788355590022
281.7568763619005,140.2497780378026
799.6522817146472,781.3212070640307
456.5977584970665,349.2746622947306
1275.2785025046928,1255.4834709292156
1506.0948646919396,1498.2634460638847
650.6281233819399,630.0388921708154
1820.3257454592872,1709.6652726920624
442.8947185339886,611.6454569354369
1947.6243085903752,1732.9544011966946
566.6567120695108,520.6382170946026
889.2035848328544,1156.5311708572572
359.69356919278613,333.3399743200167
1552.2777391035577,1457.1600837316118
784.9839263950548,767.9926094373574
227.42605244658856,197.4003017246175
743.0563751123823,734.9180100365708
407.8966231812116,299.31765129730906
863.8014385674356,856.7564478910267
453.1015783533792,434.7965907640898
650.891963187189,695.911829589602
1296.509005757563,1551.9021139952551
402.1091036319668,313.15146750416847
1964.5323301097064,1759.258796712167
892.0368281869785,860.0472937778876
531.1871173835473,573.3496106219116
472.1951764663352,688.0923053576291
1012.8021764869638,971.1243216814994
2046.631689964156,1884.4969949191025
1883.4777560102605,1805.7486531328445
521.8740931864353,540.8486069829129
1145.9696764280704,1072.8242329442626
525.9356051990827,523.1231651989549
1009.1395442068422,1000.6477945087611
1003.2887713503716,942.6494063247784
788.4504482783493,764.8598671363194
339.7356227236501,419.2743958685818
1096.6690599214776,1145.4360596999927
783.3243979519964,931.8752967534396
569.2655905756658,520.1018871336557
988.103342080413,1023.8472611270763
650.2828185545065,1127.894407176807
455.22441154650033,668.0859789326757
827.5652248699978,911.0451558636598
224.33836392478187,89.09421525795584
532.9195915187955,491.90155400752553
2003.661204000244,1812.1523333583282
1727.111986456779,1559.0719436796687
641.242607716909,1080.22784441145
329.55065791217334,210.7153083756245
1293.4636381185842,1275.681356516538
221.15718675835225,49.76775990039036
995.792225189652,1049.2990089348273
307.6151273048423,191.5363973969917
713.0987069811616,703.1003639033042
1605.1156516027888,1535.5564375253628
413.0950393271045,438.29953387826487
511.3980559604612,438.8861068573391
456.9826741507012,510.98065750728153
284.126911234198,210.02298328449405
667.9324648566026,766.5877985685854
800.664502394169,1007.6788332341312
1372.1909946598323,1335.1226512898145
2295.75538136516,2019.2548961965647
589.3181661482558,556.3917137568806
362.8636687814307,252.6016641188672
992.5302285258967,1050.5425618810248
1074.1241541570014,1033.2010190866251
2096.4365046031803,1864.1024580730577
558.5706466649864,631.0419131588369
753.0636087584244,878.6690945758819
490.785676145956,474.02224420058235
1098.4649240679312,1102.3602047297086
527.3839850433492,487.10666792401383
1031.5514799807954,1209.9437414423603
1236.5097338353105,1220.341152338324
435.5170221208401,328.87396999203287
426.4410143519026,437.009614546828
1220.36139235195,1187.8881817647248
902.0030858728272,868.1616190499002
2208.0188800111746,2003.7719155665905
215.98187154948403,321.9016866276322
321.38076564589835,310.2618546660442
985.5434178856513,1008.4751260987009
1174.2513569902658,1380.701724885792
694.490276295212,677.5001874898599
480.75159151283896,476.2008763884148
1191.8426793339063,1199.966279484139
505.5885514681842,671.8260179807681
368.2264968009042,315.8406531642129
885.3205384225181,870.4533048723058
792.7669134110333,888.517559745404
120.45602546527974,0.0
1305.437897077856,1227.145334193784
1483.7670930422544,1421.1212934671414
1605.827458744541,1518.3157023312378
492.404625038591,576.5132822154962
127.47881354355276,54.03289898554481
501.44721207137934,559.7437981734942
475.2334699866989,489.6775691836482
350.99245004758734,228.73008969890049
1602.7990251478054,1470.0147573608672
353.6427825651393,556.6455854025935
1228.755255685272,1210.0882022420992
406.11496210953817,366.7798306405979
372.5537824559908,252.81106914877546
1231.5349381615813,1184.2207680483627
455.86048144751896,407.7584429048057
870.1760032213244,863.828367487609
1242.9666686036612,1246.618470777224
1723.2992252451943,1588.484330899033
477.38305770556815,452.67577546419926
721.6917234362967,734.4845798288025
659.4484535489844,799.5509353260239
1462.5591793964022,1373.5467275636518
1786.6732918739672,1606.780494106556
1002.6851894713328,996.9170131044821
297.8880265506053,338.9086179413966
970.2224522023308,924.547301113992
547.3353109844891,604.5212374908925
1416.1637153225074,1326.508479426148
1488.6030328477077,1408.8696595569959
779.7171603424168,835.5204166453598
113.78694280974896,0.0
571.9791962123428,592.5022161215654
330.6621116391875,295.26702929745943
1025.659605145221,1194.5805968706895
777.0465740821019,766.8103488013364
1042.3131203886169,1395.3070233252274
352.79756676884347,229.83416690915385
852.2968310686883,869.3077748443661
966.9142295974644,933.1565529170633
169.8092593862279,0.0
1205.0870236619098,1176.8790579335741
1824.5688301134592,1708.4955867478773
332.1785824329102,306.3687989161033
1107.742838872669,1084.576509357948
820.381576583537,906.891681357523
295.25184139678,493.8735688307433
691.0254003485309,706.7102795452032
130.76318823962146,0.0
541.216566958781,490.78742235398965
1105.91356117466,1154.400874263143
1096.7758397480482,1106.1713333359628
614.3396282735439,747.3405147103615
1356.8454665013296,1626.919441611148
607.2503037783756,607.3143665165566
595.9996811693081,1000.9435606649226
1249.396889602879,1220.3160446544637
1061.055822797598,1033.923477843173
614.1320203649493,615.9910157567576
671.9539192824536,702.007301489936
399.4841261722992,286.58963194398973
698.3635946538989,707.3839813523487
895.6734499406768,951.5936187070861
509.3279611607236,522.9709600995794
1697.754294718566,1559.1260227831297
1016.0626416782582,1116.7223882430217
367.065981030668,274.7641043277375
738.5406166247251,710.1089889464533
1757.2527589610495,1667.9928060137333
888.4179408607554,897.0689381886356
489.9637899830456,449.82386471682463
1423.8265662392355,1401.3267843217186
471.8073638729723,483.99261008497365
412.5111047368364,415.57798805864485
806.886384746323,918.7152119680035
952.6995106019158,949.4925826092284
719.4520480185535,766.7927657819847
435.30588281093816,487.83576283780474
627.2939397568198,663.1496287853229
868.3129260271573,884.5104612781549
256.59167334567144,169.64504105038355
277.61963684343834,484.6308560648057
1535.9561467221815,1452.3850208081699
1492.133973862576,2173.2834711129913
422.51797574168296,574.078996905337
1333.8847159821344,1290.8405222736367
656.6275232143312,810.4701352829514
474.9812858894345,500.55299091634595
1804.139388023122,1626.7065154241848
805.6314383353606,807.481106306238
261.01319332670266,185.63860255939113
1127.893704661528,1224.728160728112
334.7469092511081,204.05212921747244
342.85561024976795,189.9181036470356
1340.9719913008148,1312.5062197703926
1663.6410178264728,1526.8034466624727
2618.072687404276,2310.098617601186
305.0965059141623,271.0767597748435
1034.661859377985,1028.9627941206372
148.23751150724462,0.0
1074.7609484034708,1047.7498139261836
719.4911916146392,760.2049232431123
606.5733376669025,646.8105133382741
340.0455289208098,374.094998277885
290.5714637022044,384.4451256870211
537.3190960776449,633.9534216180025
966.0012783146028,972.7640304242249
1000.3076674186184,1141.3592075661643
243.87385873667867,32.37930741716604
240.21422832178345,140.375046804405
338.5599008104904,209.28971459074776
472.1182477992077,447.1089330333194
594.9272388578617,642.4093801389988
1161.216857819861,1190.9607919919956
865.3660071124292,923.7166837540007
1522.5663177824565,1462.5772741256683
998.4352537276754,1031.8807466224887
317.788415183849,306.0033069102675
1036.1453937817162,1061.2029458774698
500.205859708821,407.2049886432043
1326.8168410341607,1301.6863529976918
399.4499646853402,426.4721996445609
335.38820667737946,317.12472048642496
630.274100435718,582.1148344717957
2201.470808520629,1922.9500722348776
363.8872130219026,427.8970182899556
534.1410520616603,531.1533453394629
409.26078631837976,527.3574279997382
1251.5476847300383,1229.5070326671707
590.788205572607,603.7394379098952
895.863324613546,857.84170785814
341.4219512363048,285.0705728141666
785.443978689261,774.7282606539337
375.7354839076472,330.63131278253775
580.6956020368464,572.9625425979739
1240.204150895125,1236.041906932771
1230.0155129426955,1158.8884224572048
313.16002638335806,317.63850857849917
1437.410298302933,1357.1585944659228
1161.286010508125,1166.1425088803996
998.439922987682,998.6249348422919
580.110255283595,938.5989948454081
1263.4133972872594,1245.920956995531
1286.0547883725685,1293.8230320612536
1095.143547507318,1089.1281284568533
1545.994085728668,1428.0483010171306
364.9847092085315,256.1626582159326
568.2601684320579,596.7290732906564
1732.7533689143554,1762.0957768562812
603.228354292505,528.54795204007
2585.886113253317,2351.5467637745037
532.3412128496049,521.2619121644522
1889.8341777513165,1725.557091057122
352.851860256641,302.37540902985035
286.3049442088194,155.6553215466997
566.3129763752313,514.3849469277955
849.407712312528,802.9303222772218
974.8371972311616,1006.3888405319459
644.7307014133805,671.1737530978609
531.6713514307675,526.9618366431469
1002.5207513483024,1138.1746495950938
772.012362572244,943.303387990217
721.8844011532407,681.7398360145955
223.21175142321556,384.872711660044
335.3621170800136,408.91415555272346
686.9272403089985,652.8702419146508
481.3720847336082,527.8888151317325
958.363962677549,1008.8343767380221
494.477050212845,407.1495120994817
909.431108778228,963.3836779084139
577.4763343568367,607.9913478434709
756.3517882251812,721.2166603369983
1381.0208006038706,1340.9661927342745
535.288240889683,821.620659211383
206.90055552833851,0.0
1009.1678877531808,1064.6251646744945
1103.3155267934137,1140.2168904708544
230.26967807256355,6.468874641753938
383.0840334710296,284.8744247059538
1071.7338498130737,1068.4769988144333
754.3509341678476,747.8124338451906
769.041929848018,896.0637271453638
92.46043827463076,0.0
894.453636504201,866.407975741641
951.8712675250742,1115.0287887223444
582.621217732391,612.0455999784397
408.1078254076778,544.0283183419604
1816.3935258397016,1667.1452450058182
764.656507087953,880.2408652912172
548.4970109413514,517.9044843510968
1252.973953490941,1202.5246357534281
369.9499795086467,427.0700818428049
1093.7578569704758,1067.5740270580081
634.2338426884769,695.5645662114365
782.9337324717045,891.6027603409198
1514.8527024375353,1409.445227883103
455.6260080481329,410.8177073743661
964.2576713010232,951.0055214776994
419.0096001027606,468.54757916652505
2224.296847262874,2003.6128003362646
976.730716240694,948.3460072975074
196.0866201668501,424.479358085821
517.5103086915805,583.7106720867371
1742.5274009654472,1658.7637142110125
540.1727339639021,605.7143068824375
718.2940487031939,706.6481889707092
1084.7920097933068,1292.4229754420874
1592.1737412965615,1485.2039651673347
862.9967318150572,902.983328810575
359.3985692570008,437.9409934383465
720.1026567486623,1280.1698871981678
627.4405364877119,779.9648891987783
845.1455595680129,934.0629588745505
1088.7699839650627,1083.9702578799843
716.3642776577638,693.9271367265676
765.9144320925046,931.3307330830797
1223.711505985121,1167.6241285382416
1160.2845789787114,1184.651645262093
513.2741252226681,496.3236420136364
1175.8287794245318,1109.043442576305
818.6484858693885,796.9565068141535
398.4291453661886,611.8060683546903
778.4439653535233,739.103320340669
325.6629629442586,286.45177942886795
787.734059772108,890.498884847652
1272.993155490877,1184.597782310448
619.7548180845658,681.134627884113
807.4716463736379,923.9934813093301
879.59085710746,1131.9910273857063
877.2262807743884,967.665867190083
591.1933793662131,548.2483937475216
575.6976792525916,596.970621663277
1228.4289552572134,1364.1942141191794
482.29487489024814,450.98181810248747
440.5803865320906,436.36476198219697
446.333603084129,399.4843413982859
264.97118292061106,292.9460513432604
2419.1634912490144,2123.5135020912976
520.7704922348714,511.8733308084182
1429.6327475064768,1429.4350309390293
1277.114021511797,1503.8771467173435
1057.0593181277484,1052.8393188061268
148.02312611772388,0.0
423.2208642445411,295.9863001217683
235.4610950381143,77.29415931547449
728.9574704771729,731.8325382276294
692.4853626741616,769.3423286234785
773.2450352068056,784.2989880203686
994.3112677614236,967.7494343882457
2012.1032669581232,1769.2164855199892
409.2019493225257,595.3909836958699
987.0353562508986,1296.7961013979605
366.71734081740806,452.09843515960006
627.4795358354982,706.6209447192883
182.93626960188715,11.052624598724364
334.5881189243381,473.04990058076316
256.8068358377447,195.35144467003363
1608.5757831665906,1476.9357076931892
659.9504147289026,708.3603131145609
261.2234891949282,86.88102080541816
1339.5884142811483,1315.4271118061902
385.4613742614895,365.61311401817363
505.7684931259301,547.5615891994505
936.8244751547976,932.5105433736604
717.4905527418034,774.4463313652451
605.2648226296998,628.7642095623194
1663.4024582743618,2003.8331936647887
752.6600890386462,739.040780798847
389.47669526627226,512.688958467846
802.6411852756114,780.9954557363166
1362.3418858270843,1629.139159696251
454.8658379821587,344.4741385991964
912.012970918831,1181.2465766501373
1574.4768327972347,1502.4404714574591
1711.5292501383494,1708.6937257495304
1340.6106497358655,1287.615222209672
4551.901498451837,4088.4689405941785
1006.5238370923385,998.0868615721763
1022.5554631914572,994.3786843201023
884.3743698997474,862.9810893110769
855.1576112460565,949.9074272487965
240.19578566995116,182.31996150804696
777.3760612559588,781.3353004176363
1379.4250805632118,1282.8165340927956
799.0452338259885,874.9015661836373
932.8248126741124,923.7157351022677
152.00909709438787,0.0
386.1732000280304,280.85285756829666
1104.8328479012123,1294.6506518395083
3728.633579014243,3127.1485206964376
877.2115334013486,954.4334273168599
500.1776729014605,678.0850377256644
2466.495770467852,2267.6516278884005
565.9136719747341,478.4616637539288
846.3557702495378,860.7239522408952
168.62849112558104,0.0
1019.0935721225804,1173.9889208371474
297.79219629124583,554.7414400202688
181.29002859686256,0.0
1695.0738273006775,1561.2653927664044
2048.638981805713,1828.0564312531474
573.3600144030287,594.1296297135842
960.250609500129,1024.223304356862
385.41160319037925,357.49010791277095
221.84894771772915,62.43290418959392
398.38800526218125,525.7822224620414
2379.5089081487104,2133.664786368731
659.0847539575527,682.4976821523379
540.3945611784791,700.0481162032447
594.2847019229424,661.3966985789642
1265.7069592816597,1265.6158497035863
1135.6628656103126,1133.4518787841453
826.8494821583932,784.186591774558
1766.9160510165652,1769.4604221678799
941.7735742093124,994.1607441710088
562.7949782468478,516.9848974325507
376.5578325453988,475.7016966391548
402.8336984045634,301.4977475990979
1119.214959850895,1074.0426866333403
867.6017189418424,834.7348525289859
622.1645073786099,623.7394832872372
689.9486635401029,745.0422127451782
249.97475939835095,204.65689918376418
1207.5761392819447,1333.300352324124
566.7522300256844,540.370527561577
1642.191317434636,1497.195196591601
1695.7526422919814,1594.710431623779
409.71072008715,368.7799520009631
605.6366376984276,593.0897873888972
500.1537750402268,458.89192462024494
537.7076222559708,495.2701311980683
976.9243908953782,972.5216438480478
213.92522976084652,53.8952333408696
974.0984523856288,1140.5770392104175
708.7220197255829,811.6094251428106
1249.884161703679,1234.016078430879
600.8397644156641,732.6323172669298
861.3623216480416,881.5890770500995
1017.980991684104,959.4825527918305
545.3423909551232,703.0572972305172
2017.0577812011688,1806.3560942903919
718.4725972217458,700.9423725259703
1121.1720971239283,1142.8294050320828
244.0338316523511,149.42632956331656
643.2504351186601,615.7731288528339
555.756947178487,603.937718772983
308.468899138299,157.29759615749694
649.3404835907692,685.7558799869796
1315.6666963261314,1468.8032570122518
898.4398052660812,900.376775185239
686.2964071809062,750.3832110603709
615.0347075710997,683.9533869479212
332.1660208050422,273.5971588339443
1026.326569967822,994.632626921002
323.51183390622634,327.5344666159085
789.6373908810252,824.1912349161961
931.0255634407864,984.263365566135
407.6498800895803,381.6482696409144
634.1413432299576,623.8567770006055
383.4706343816432,280.58013896047356
1309.73203766399,1261.0624496941603
421.6075908985481,588.0541556661984
305.8512652272749,315.2629420837599
425.25536470675087,371.63336958726416
502.11545802591615,501.37726902871304
612.8753696063386,665.9499555673535
445.28522057434793,351.223675688225
259.89486753508334,302.2489433552061
318.35267539086146,191.00066197655318
1618.0149498849808,1524.3843190470416
622.3851467927154,730.7568246112622
803.9945411606722,1008.9436573817993
715.7952804158024,695.2105464361899
345.962689464193,218.61574823164096
605.4443423985443,572.7246672615516
845.2696575135167,825.1475588485224
909.0542064831936,877.0627366341776
2693.327584584071,2284.4500242814183
394.9475607271367,507.3485739689904
888.1340412900815,865.2811330450376
264.758584799287,203.2982432823275
1108.1796329850852,1055.614910500572
287.5287171516669,235.7853869317193
1792.6249860055163,1618.6232049385708
377.1171112528009,271.3617972165575
692.8482093934525,757.1641138417912
420.9672195784416,351.14557810554004
928.099685318518,1049.6302360308064
707.298461224976,833.4557980686671
915.75456540665,965.3420068273136
487.39774763434696,727.3805319891972
959.6472161596706,908.9014003601761
1067.3673594162244,1122.0578636394628
1225.3304572393354,1216.5812411846493
717.8103872722756,770.6442272067981
572.7373988900553,545.373013691655
261.4853648639201,186.94733300424613
414.5932969696261,355.6539243301608
1257.3430214934197,1242.1071169594065
524.0295578132149,691.6938902118543
1605.442305852048,1478.592862007702
449.85748293529167,384.9670769951351
499.7174568379518,415.41760060015173
439.1030316935576,328.26748486162097
568.7678672975169,673.7090305473456
666.5810151819093,716.3395112900212
318.09286693064473,315.9339334612379
938.2148875761084,918.3722855831504
406.10606895873366,373.29262541979335
782.8583291732897,905.402711763948
305.8244205840774,295.0653603138921
1365.197134634202,1561.5497507715877
950.6863157395312,957.0099359785452
604.8016813607661,991.7729351084377
2077.552569008852,1884.953622623463
873.0529554170855,896.4536178111886
887.2554291818866,869.2578451264218
1044.8243687116965,1132.6997455298015
838.7922498082293,931.5843346312389
1733.395206786734,1565.0810258169338
207.17327114592712,52.03802656743417
700.9063259798673,672.5070915159018
946.0045296668296,995.4965096906229
1186.9279903390477,1192.0112111916358
803.8861062064544,753.9251468031948
647.6083586234356,630.9825363700971
768.2612958375504,757.1032234723104
2411.932426998982,2106.8298036977753
930.47080939503,952.3677816250803
889.0110065490007,990.5503758750915
904.9444287976304,969.5424059538951
984.084428957764,977.6616649370533
1822.266373566927,1718.387657964572
889.2534268692049,971.393730370103
961.2816336912532,908.6185397051823
1346.937466345235,1289.2801133622308
247.96400137070472,181.96156136179582
1029.7737419706548,1050.6447675456857
1150.6163930090602,1188.1943329346957
264.43604332203256,128.19560284585896
1275.259539494693,1178.598269957516
464.356837459536,627.2712109775033
769.9076361892605,862.3018891339627
1005.6191934455276,1349.6472907477632
113.08070583734352,0.0
1044.4851831662413,1038.970361408649
640.8958782142406,687.7538843563381
1107.050144875636,1135.962184323237
448.4153350321647,517.166142004099
425.91103899125335,435.88558219401807
472.9828300460696,417.5373088922096
531.2975422241583,852.5648995744854
737.9838273253804,788.0792362353757
2491.284065131271,2199.184360835205
1003.496305268835,1030.9937543026172
493.4633741049138,642.9336411904136
641.4014998988082,624.9223307492729
1029.820174407409,970.4694783344335
639.1090801978728,577.233042282414
349.9506726301109,322.6373785923142
105.24765521715874,0.0
730.8431992160673,722.0798564794827
543.3425104951509,626.5609047623077
783.6235042973117,739.2366216140584
1432.2843269724924,1357.7813804411144
378.2605261456264,359.9804773613701
975.7765518707124,1268.9340035089313
159.7367667112618,120.13429135866767
850.5113618286698,842.1274235295995
424.8328502766891,394.144633900718
236.2639261468792,183.9274551693567
1384.7874325489763,1337.9403409148133
1191.720017155584,1093.4956128328743
276.9004140346268,211.53132256442817
473.2239484522358,597.9124870663519
702.1069065772123,742.3354067593275
1126.4827948477116,1110.8971289382564
1464.4097243494102,1459.246855270168
994.3579318124036,1028.1317982696955
253.8172026401518,176.01026614532208
1287.4291990456863,1274.2978362138329
1649.5975839411817,1495.9797530313308
458.61306602164825,437.27184329550465
618.4340620232508,563.0256907093564
1091.2059087340754,1054.8197521600364
1022.631809699878,992.508475066982
1574.4699788702435,1425.4652306716366
1507.4024197482652,1448.7920379375437
703.9051890948498,740.0666002122975
1782.6181845689284,1602.498719319361
481.1348712289417,450.836604319732
502.50429978052944,700.2913113860112
693.0626326538401,680.1838225696927
188.03236572566067,35.739754206414226
950.3501746327116,963.4249054562554
1038.9437438463697,1196.4562669843867
748.3993933146227,707.2844886100145
580.7117776126207,527.6345337893723
2161.806080220785,1889.7850515209532
586.0858483710892,659.7906342739778
356.85582462562513,311.7846187663423
631.5474626399773,683.6975519191692
176.21857388805068,23.822877417440065
1281.4250076153216,1250.9367789736327
696.906064962105,860.0237846793776
1464.9866636174058,1355.5361761252307
1439.2653577413162,1345.8502426709842
371.4749711868434,339.1485407235922
239.2619782011841,170.11725399884924
698.5549376686818,664.8462987388818
118.35282145364684,0.0
1796.3187728716175,1806.3218163392257
522.0707973982328,529.2018069553015
1056.375123974458,1037.7119329475292
1777.5637404290635,1654.5227601951149
598.5200991214506,679.5628784113709
454.01652078806063,423.2196644119164
863.8073268651322,971.536272381596
1249.383080013032,1222.2743173006068
101.78715777524314,0.0
1536.0583381390736,1464.96410097785
486.3395322161984,504.5314080358872
701.3160709070191,755.8934478915859
805.8173381011823,901.879566944238
945.6305420158676,1008.2582715487091
694.9438965890794,677.9791035170321
588.0978300412619,730.5629312916316
537.5545664411269,563.6680369391661
582.3658277780861,520.6541268145174
593.9183097637763,615.8640135668777
619.552332053436,746.6684778586362
239.6692708594316,212.72140675793526
1404.1402307025478,1332.5492015281618
403.9860999172255,534.0841940895342
648.4492024246199,643.4688815201943
1173.0670444637303,1200.415522630207
243.4360567601233,43.53048642108038
645.5177766966842,709.0214312166082
445.6860215338842,455.2840488030383
1418.152473950797,1601.2130991213846
446.59777469259,470.42843348218184
626.7573550753048,608.8175361224428
728.0437600413238,795.6431135893631
921.8930835710988,892.3890403241955
855.8325183423807,854.3885029699312
162.4416078701611,0.0
621.4457019138499,751.4618212231707
1224.2834753584143,1207.5615479549672
608.5892442811054,765.8947565962402
154.94359319379492,0.0
131.37032904605468,0.0
1131.966878261087,1320.571042438218
870.120593545544,876.10885599485
357.03291005081434,219.35921586336346
587.6755252525261,570.2182950523347
645.3407833531857,722.8039556138956
590.4231237115902,580.6941576431454
1498.688836256024,1399.7934901948802
514.9443340508271,486.3650751660254
458.17950635385824,455.10674895719416
543.2524877279717,659.9895142193917
689.6599966053449,669.918664918872
175.11729588856832,0.0
126.33716258196952,0.0
424.1090415577221,427.52714900080423
68.90421917656263,0.0
240.224666582281,185.64612231563396
550.879436295578,579.5749192561088
1597.600680209984,1611.7990429581305
597.4033542906257,572.2780241525102
576.8067571086929,555.8496405233462
419.03388621658905,356.87163936815534
902.2560010968676,899.6601002384061
368.4690605373258,480.6240886475786
462.1787125713328,656.0370377076383
380.5911825587185,341.6946152648403
487.94451041295576,514.2426784763785
889.6344704444139,855.5580809209318
529.9094556879087,619.3029106479796
481.9713314945219,497.4348231283146
889.4448207919419,975.7445485128372
630.1114730444551,751.2625660382679
977.4800750239838,1124.1642429388382
745.5285698451149,715.4150552891656
2509.81744196459,2276.3886490322448
601.4867584633441,569.1257545232555
612.9286962048169,808.7988112919727
354.68642022059964,415.1530387152149
435.1498578305447,609.7023074842272
329.7571959041716,350.39940183838183
209.582594174072,0.0
917.6262289449772,905.6640407078919
809.4802555496874,808.529715942784
2383.6452148711846,2173.9810274111132
292.7606650243797,242.95096646605782
645.9442565204664,729.2854421667515
2058.79855776376,1819.300499184844
424.6718960060701,390.0557931948424
609.189136857532,560.300367623231
369.6569691775076,266.6052523844794
878.6563999093216,841.2346554283853
852.8477984485171,1595.0504979181574
1525.4051536944237,1429.602547683954
527.3502783864922,823.1197523447996
597.2386969064585,554.7733148247921
649.0254061801242,754.0875286781824
636.5303111821851,587.0899285657543
343.073438829584,222.26718000875385
976.5333760628632,1019.564138396964
436.86819795947366,496.7087121533135
639.0459060395171,696.9891115411809
436.1063161964747,472.07649547481196
579.4254478989928,943.035758411758
1440.9692202916774,1450.383196090505
1628.6245431826817,1507.2535951935279
274.02476915048464,112.4213710741205
908.0086880983516,929.5066146704194
1635.7842392860057,1522.882399097644
628.7866879741762,660.3380789794597
132.15889451794644,0.0
328.23526022348926,278.6756179229392
735.8001795583535,750.15089000359
1489.4416388403813,1459.6590916121236
1482.4810899106556,1372.6207524680115
501.42636490941294,748.6829199094666
983.4539403992732,999.0598429843435
1065.770992127465,1076.597786054229
758.2196816635493,765.8233072892266
956.3475085074036,1098.9540791920497
638.9963571388099,577.3300731038223
501.20621309311,755.6757841188413
1735.1654590238377,1595.4568222986463
1531.748572664988,1462.4464615371023
741.4785981037323,707.2903082528379
331.06084150542904,404.48053563039963
325.3705491307568,206.38689291322027
409.29364237084985,350.21831321239415
555.2599052240861,601.4648157357137
251.96398283295932,85.99804890587656
468.165885139021,551.6834233407354
621.5670223992074,788.5419201048624
253.67501418735748,178.2418800107583
935.6198882776888,957.8355314810029
180.0543725097668,0.0
846.2404897964183,852.0991193307697
281.8791818242382,212.08809565639334
1449.471463436749,1338.5361062292222
620.0710115854973,599.1341316402924
491.9684754149856,425.36954504724577
1119.0678817510477,1136.2836017221814
1078.005608101682,1087.029265100455
1346.0903682640997,1327.7480537791291
192.59403547966093,0.0
351.6257951488612,207.18244544393343
568.7222732755225,606.4116791237947
694.2867169909457,1215.2695370970262
454.5538170000994,452.77244916027115
1925.4358151527788,1752.7307675559407
658.2268515786892,636.8091366289569
939.9356956818452,904.9051323193441
906.9830118095924,949.1535103435968
112.65157536679342,0.0
605.118601905429,534.2393848806395
